[
    {
        "type": "constructor",
        "inputs": [],
        "stateMutability": "nonpayable"
    },
    {
        "name": "Approval",
        "type": "event",
        "inputs": [
            {
                "name": "owner",
                "type": "address",
                "indexed": true,
                "internalType": "address"
            },
            {
                "name": "spender",
                "type": "address",
                "indexed": true,
                "internalType": "address"
            },
            {
                "name": "value",
                "type": "uint256",
                "indexed": false,
                "internalType": "uint256"
            }
        ],
        "anonymous": false
    },
    {
        "name": "Initialized",
        "type": "event",
        "inputs": [
            {
                "name": "version",
                "type": "uint8",
                "indexed": false,
                "internalType": "uint8"
            }
        ],
        "anonymous": false
    },
    {
        "name": "OwnershipTransferred",
        "type": "event",
        "inputs": [
            {
                "name": "previousOwner",
                "type": "address",
                "indexed": true,
                "internalType": "address"
            },
            {
                "name": "newOwner",
                "type": "address",
                "indexed": true,
                "internalType": "address"
            }
        ],
        "anonymous": false
    },
    {
        "name": "Paused",
        "type": "event",
        "inputs": [
            {
                "name": "account",
                "type": "address",
                "indexed": false,
                "internalType": "address"
            }
        ],
        "anonymous": false
    },
    {
        "name": "Transfer",
        "type": "event",
        "inputs": [
            {
                "name": "from",
                "type": "address",
                "indexed": true,
                "internalType": "address"
            },
            {
                "name": "to",
                "type": "address",
                "indexed": true,
                "internalType": "address"
            },
            {
                "name": "value",
                "type": "uint256",
                "indexed": false,
                "internalType": "uint256"
            }
        ],
        "anonymous": false
    },
    {
        "name": "Unpaused",
        "type": "event",
        "inputs": [
            {
                "name": "account",
                "type": "address",
                "indexed": false,
                "internalType": "address"
            }
        ],
        "anonymous": false
    },
    {
        "name": "allowance",
        "type": "function",
        "inputs": [
            {
                "name": "owner",
                "type": "address",
                "internalType": "address"
            },
            {
                "name": "spender",
                "type": "address",
                "internalType": "address"
            }
        ],
        "outputs": [
            {
                "name": "",
                "type": "uint256",
                "internalType": "uint256"
            }
        ],
        "stateMutability": "view"
    },
    {
        "name": "approve",
        "type": "function",
        "inputs": [
            {
                "name": "spender",
                "type": "address",
                "internalType": "address"
            },
            {
                "name": "amount",
                "type": "uint256",
                "internalType": "uint256"
            }
        ],
        "outputs": [
            {
                "name": "",
                "type": "bool",
                "internalType": "bool"
            }
        ],
        "stateMutability": "nonpayable"
    },
    {
        "name": "balanceOf",
        "type": "function",
        "inputs": [
            {
                "name": "account",
                "type": "address",
                "internalType": "address"
            }
        ],
        "outputs": [
            {
                "name": "",
                "type": "uint256",
                "internalType": "uint256"
            }
        ],
        "stateMutability": "view"
    },
    {
        "name": "burn",
        "type": "function",
        "inputs": [
            {
                "name": "amount",
                "type": "uint256",
                "internalType": "uint256"
            }
        ],
        "outputs": [],
        "stateMutability": "nonpayable"
    },
    {
        "name": "burnFrom",
        "type": "function",
        "inputs": [
            {
                "name": "account",
                "type": "address",
                "internalType": "address"
            },
            {
                "name": "amount",
                "type": "uint256",
                "internalType": "uint256"
            }
        ],
        "outputs": [],
        "stateMutability": "nonpayable"
    },
    {
        "name": "decimals",
        "type": "function",
        "inputs": [],
        "outputs": [
            {
                "name": "",
                "type": "uint8",
                "internalType": "uint8"
            }
        ],
        "stateMutability": "view"
    },
    {
        "name": "decreaseAllowance",
        "type": "function",
        "inputs": [
            {
                "name": "spender",
                "type": "address",
                "internalType": "address"
            },
            {
                "name": "subtractedValue",
                "type": "uint256",
                "internalType": "uint256"
            }
        ],
        "outputs": [
            {
                "name": "",
                "type": "bool",
                "internalType": "bool"
            }
        ],
        "stateMutability": "nonpayable"
    },
    {
        "name": "increaseAllowance",
        "type": "function",
        "inputs": [
            {
                "name": "spender",
                "type": "address",
                "internalType": "address"
            },
            {
                "name": "addedValue",
                "type": "uint256",
                "internalType": "uint256"
            }
        ],
        "outputs": [
            {
                "name": "",
                "type": "bool",
                "internalType": "bool"
            }
        ],
        "stateMutability": "nonpayable"
    },
    {
        "name": "initialize",
        "type": "function",
        "inputs": [
            {
                "name": "_owner",
                "type": "address",
                "internalType": "address"
            },
            {
                "name": "_mintTarget",
                "type": "address",
                "internalType": "address"
            },
            {
                "name": "_name",
                "type": "string",
                "internalType": "string"
            },
            {
                "name": "_symbol",
                "type": "string",
                "internalType": "string"
            },
            {
                "name": "_decimals",
                "type": "uint8",
                "internalType": "uint8"
            },
            {
                "name": "_initialSupply",
                "type": "uint256",
                "internalType": "uint256"
            },
            {
                "name": "_maxSupply",
                "type": "uint256",
                "internalType": "uint256"
            }
        ],
        "outputs": [],
        "stateMutability": "nonpayable"
    },
    {
        "name": "maxSupply",
        "type": "function",
        "inputs": [],
        "outputs": [
            {
                "name": "",
                "type": "uint256",
                "internalType": "uint256"
            }
        ],
        "stateMutability": "view"
    },
    {
        "name": "mint",
        "type": "function",
        "inputs": [
            {
                "name": "to",
                "type": "address",
                "internalType": "address"
            },
            {
                "name": "amount",
                "type": "uint256",
                "internalType": "uint256"
            }
        ],
        "outputs": [],
        "stateMutability": "nonpayable"
    },
    {
        "name": "name",
        "type": "function",
        "inputs": [],
        "outputs": [
            {
                "name": "",
                "type": "string",
                "internalType": "string"
            }
        ],
        "stateMutability": "view"
    },
    {
        "name": "owner",
        "type": "function",
        "inputs": [],
        "outputs": [
            {
                "name": "",
                "type": "address",
                "internalType": "address"
            }
        ],
        "stateMutability": "view"
    },
    {
        "name": "pause",
        "type": "function",
        "inputs": [],
        "outputs": [],
        "stateMutability": "nonpayable"
    },
    {
        "name": "paused",
        "type": "function",
        "inputs": [],
        "outputs": [
            {
                "name": "",
                "type": "bool",
                "internalType": "bool"
            }
        ],
        "stateMutability": "view"
    },
    {
        "name": "renounceOwnership",
        "type": "function",
        "inputs": [],
        "outputs": [],
        "stateMutability": "nonpayable"
    },
    {
        "name": "symbol",
        "type": "function",
        "inputs": [],
        "outputs": [
            {
                "name": "",
                "type": "string",
                "internalType": "string"
            }
        ],
        "stateMutability": "view"
    },
    {
        "name": "totalSupply",
        "type": "function",
        "inputs": [],
        "outputs": [
            {
                "name": "",
                "type": "uint256",
                "internalType": "uint256"
            }
        ],
        "stateMutability": "view"
    },
    {
        "name": "transfer",
        "type": "function",
        "inputs": [
            {
                "name": "to",
                "type": "address",
                "internalType": "address"
            },
            {
                "name": "amount",
                "type": "uint256",
                "internalType": "uint256"
            }
        ],
        "outputs": [
            {
                "name": "",
                "type": "bool",
                "internalType": "bool"
            }
        ],
        "stateMutability": "nonpayable"
    },
    {
        "name": "transferFrom",
        "type": "function",
        "inputs": [
            {
                "name": "from",
                "type": "address",
                "internalType": "address"
            },
            {
                "name": "to",
                "type": "address",
                "internalType": "address"
            },
            {
                "name": "amount",
                "type": "uint256",
                "internalType": "uint256"
            }
        ],
        "outputs": [
            {
                "name": "",
                "type": "bool",
                "internalType": "bool"
            }
        ],
        "stateMutability": "nonpayable"
    },
    {
        "name": "transferOwnership",
        "type": "function",
        "inputs": [
            {
                "name": "newOwner",
                "type": "address",
                "internalType": "address"
            }
        ],
        "outputs": [],
        "stateMutability": "nonpayable"
    },
    {
        "name": "unpause",
        "type": "function",
        "inputs": [],
        "outputs": [],
        "stateMutability": "nonpayable"
    }
]